name,parent,Year,value
World,,2016,
Australia,World,2016,413369.923
Australia,World,2015,402995.4534
Australia,World,2014,393464.2392
Australia,World,2013,398163.7982
Australia,World,2012,407146.0571
Australia,World,2011,404246.5711
Australia,World,2010,406752.7727
Australia,World,2009,408672.6316
Australia,World,2008,405048.5372
Australia,World,2007,400415.7294
Australia,World,2006,392681.8732
Australia,World,2005,386515.2116
Australia,World,2004,383204.9447
Australia,World,2003,369725.8354
Australia,World,2002,362209.0938
Australia,World,2001,357668.7428
Australia,World,2000,350194.5818
Australia,World,1999,344063.3362
Australia,World,1998,334684.1065
Australia,World,1997,320794.6964
Australia,World,1996,312361.21
Australia,World,1995,305409.7993
Australia,World,1994,294014.6104
Australia,World,1993,289234.8565
Australia,World,1992,284912.1243
Australia,World,1991,279872.3639
Australia,World,1990,278424.3757
Austria,World,2016,67402.08259
Austria,World,2015,66703.98793
Austria,World,2014,64253.32618
Austria,World,2013,68001.23043
Austria,World,2012,67661.39955
Austria,World,2011,70115.67043
Austria,World,2010,72383.14413
Austria,World,2009,67483.05972
Austria,World,2008,73806.27105
Austria,World,2007,74032.11713
Austria,World,2006,76688.46451
Austria,World,2005,79366.67988
Austria,World,2004,78052.54598
Austria,World,2003,77764.24922
Austria,World,2002,72146.53821
Austria,World,2001,70390.85743
Austria,World,2000,66261.74306
Austria,World,1999,65621.00496
Austria,World,1998,67054.36404
Austria,World,1997,67453.01131
Austria,World,1996,67673.88744
Austria,World,1995,64205.95022
Austria,World,1994,61190.34675
Austria,World,1993,60787.73913
Austria,World,1992,60431.45918
Austria,World,1991,65899.67765
Austria,World,1990,62292.22893
Belarus,World,2016,60509.20294
Belarus,World,2015,58965.75283
Belarus,World,2014,63779.98533
Belarus,World,2013,64423.6975
Belarus,World,2012,63674.75709
Belarus,World,2011,62772.74614
Belarus,World,2010,63862.38967
Belarus,World,2009,61937.83226
Belarus,World,2008,66390.05888
Belarus,World,2007,64263.92283
Belarus,World,2006,64861.61027
Belarus,World,2005,62049.39439
Belarus,World,2004,60767.19152
Belarus,World,2003,57112.28662
Belarus,World,2002,55677.15672
Belarus,World,2001,55560.3302
Belarus,World,2000,55458.03489
Belarus,World,1999,56991.20707
Belarus,World,1998,59407.81858
Belarus,World,1997,62545.83556
Belarus,World,1996,59202.27422
Belarus,World,1995,57947.48938
Belarus,World,1994,64372.95701
Belarus,World,1993,77615.57865
Belarus,World,1992,89990.44567
Belarus,World,1991,97040.05943
Belarus,World,1990,104134.684
Belgium,World,2016,100243.7092
Belgium,World,2015,100229.4898
Belgium,World,2014,96391.04125
Belgium,World,2013,101970.442
Belgium,World,2012,101394.9752
Belgium,World,2011,104158.6419
Belgium,World,2010,113582.0314
Belgium,World,2009,107642.367
Belgium,World,2008,120659.01
Belgium,World,2007,120611.4018
Belgium,World,2006,124030.8885
Belgium,World,2005,125638.2016
Belgium,World,2004,129040.8827
Belgium,World,2003,127953.1847
Belgium,World,2002,126444.6264
Belgium,World,2001,126129.0059
Belgium,World,2000,126794.7893
Belgium,World,1999,124745.7014
Belgium,World,1998,130285.1126
Belgium,World,1997,124046.8246
Belgium,World,1996,129583.6246
Belgium,World,1995,126082.9642
Belgium,World,1994,124938.189
Belgium,World,1993,121557.2845
Belgium,World,1992,122657.8106
Belgium,World,1991,123544.7094
Belgium,World,1990,120484.3993
Bulgaria,World,2016,45287.38692
Bulgaria,World,2015,48132.69151
Bulgaria,World,2014,45142.46921
Bulgaria,World,2013,42586.00272
Bulgaria,World,2012,48269.49135
Bulgaria,World,2011,53116.46741
Bulgaria,World,2010,47792.80335
Bulgaria,World,2009,45707.14513
Bulgaria,World,2008,53972.79256
Bulgaria,World,2007,55637.03418
Bulgaria,World,2006,51825.57051
Bulgaria,World,2005,50591.29473
Bulgaria,World,2004,49508.63944
Bulgaria,World,2003,50414.46115
Bulgaria,World,2002,46166.36377
Bulgaria,World,2001,48923.31534
Bulgaria,World,2000,45213.9264
Bulgaria,World,1999,46096.27191
Bulgaria,World,1998,52526.25983
Bulgaria,World,1997,55181.61981
Bulgaria,World,1996,57952.54289
Bulgaria,World,1995,57536.98681
Bulgaria,World,1994,55936.14024
Bulgaria,World,1993,57483.41274
Bulgaria,World,1992,56839.99502
Bulgaria,World,1991,60058.04946
Bulgaria,World,1990,78672.94186
Canada,World,2016,558188.9997
Canada,World,2015,565576.677
Canada,World,2014,568008.388
Canada,World,2013,568892.3957
Canada,World,2012,563675.2003
Canada,World,2011,560775.9005
Canada,World,2010,555459.6937
Canada,World,2009,540518.6867
Canada,World,2008,574805.8706
Canada,World,2007,594140.2418
Canada,World,2006,570487.6421
Canada,World,2005,576801.6287
Canada,World,2004,585832.7993
Canada,World,2003,587596.2905
Canada,World,2002,570885.0978
Canada,World,2001,564635.3201
Canada,World,2000,572530.74
Canada,World,1999,550043.1502
Canada,World,1998,534236.4975
Canada,World,1997,525253.0716
Canada,World,1996,510556.7864
Canada,World,1995,495664.5156
Canada,World,1994,483058.4569
Canada,World,1993,467879.5752
Canada,World,1992,468864.7675
Canada,World,1991,454627.5042
Canada,World,1990,463879.7907
Croatia,World,2016,18220.6018
Croatia,World,2015,17996.56799
Croatia,World,2014,17850.6724
Croatia,World,2013,18588.17803
Croatia,World,2012,19242.97303
Croatia,World,2011,20801.67351
Croatia,World,2010,21245.08326
Croatia,World,2009,21995.50609
Croatia,World,2008,23785.29702
Croatia,World,2007,25056.22505
Croatia,World,2006,23725.639
Croatia,World,2005,23489.53394
Croatia,World,2004,23044.75576
Croatia,World,2003,23386.28452
Croatia,World,2002,22053.97071
Croatia,World,2001,20966.698
Croatia,World,2000,19815.73527
Croatia,World,1999,20241.73706
Croatia,World,1998,19398.24243
Croatia,World,1997,18692.94157
Croatia,World,1996,17629.20916
Croatia,World,1995,17040.09664
Croatia,World,1994,16361.21701
Croatia,World,1993,17103.71558
Croatia,World,1992,16632.54736
Croatia,World,1991,17304.1852
Croatia,World,1990,23441.96506
Cyprus,World,2016,7307.79907
Cyprus,World,2015,6902.871456
Cyprus,World,2014,6878.543047
Cyprus,World,2013,6494.858936
Cyprus,World,2012,7169.926639
Cyprus,World,2011,7700.19513
Cyprus,World,2010,8017.876956
Cyprus,World,2009,8382.598528
Cyprus,World,2008,8634.193703
Cyprus,World,2007,8472.613098
Cyprus,World,2006,8160.844811
Cyprus,World,2005,7972.169641
Cyprus,World,2004,7787.75105
Cyprus,World,2003,7560.234909
Cyprus,World,2002,7170.7801
Cyprus,World,2001,6982.241102
Cyprus,World,2000,7108.859504
Cyprus,World,1999,6860.795539
Cyprus,World,1998,6593.753487
Cyprus,World,1997,6301.201089
Cyprus,World,1996,6214.477565
Cyprus,World,1995,5864.31565
Cyprus,World,1994,5994.023112
Cyprus,World,1993,5751.370451
Cyprus,World,1992,5507.155127
Cyprus,World,1991,5131.819069
Cyprus,World,1990,4643.055865
Czech Republic,World,2016,106543.2952
Czech Republic,World,2015,104784.5579
Czech Republic,World,2014,104060.3066
Czech Republic,World,2013,106401.1916
Czech Republic,World,2012,110914.0803
Czech Republic,World,2011,115023.3021
Czech Republic,World,2010,117495.5521
Czech Republic,World,2009,115255.2836
Czech Republic,World,2008,122933.8679
Czech Republic,World,2007,128180.7339
Czech Republic,World,2006,126380.2909
Czech Republic,World,2005,125294.5307
Czech Republic,World,2004,127759.3254
Czech Republic,World,2003,127048.374
Czech Republic,World,2002,123598.0295
Czech Republic,World,2001,126666.3725
Czech Republic,World,2000,126896.9143
Czech Republic,World,1999,116441.5817
Czech Republic,World,1998,125125.6626
Czech Republic,World,1997,130849.7141
Czech Republic,World,1996,134648.7138
Czech Republic,World,1995,131972.0609
Czech Republic,World,1994,131532.5087
Czech Republic,World,1993,137962.6666
Czech Republic,World,1992,144074.2188
Czech Republic,World,1991,148512.4763
Czech Republic,World,1990,164227.402
Denmark,World,2016,38427.33492
Denmark,World,2015,36625.41679
Denmark,World,2014,38960.61472
Denmark,World,2013,43172.83895
Denmark,World,2012,41274.42127
Denmark,World,2011,45770.38776
Denmark,World,2010,50818.14232
Denmark,World,2009,50187.54514
Denmark,World,2008,52628.03455
Denmark,World,2007,56116.51604
Denmark,World,2006,60880.56009
Denmark,World,2005,52968.54499
Denmark,World,2004,56544.06584
Denmark,World,2003,62077.26202
Denmark,World,2002,56919.68455
Denmark,World,2001,57338.01086
Denmark,World,2000,55640.36225
Denmark,World,1999,59872.74243
Denmark,World,1998,62425.71618
Denmark,World,1997,66642.96863
Denmark,World,1996,76034.44055
Denmark,World,1995,62702.54454
Denmark,World,1994,65744.87063
Denmark,World,1993,61728.04559
Denmark,World,1992,59647.59092
Denmark,World,1991,65479.72812
Denmark,World,1990,54893.64888
Estonia,World,2016,17493.50319
Estonia,World,2015,15891.06825
Estonia,World,2014,18903.84017
Estonia,World,2013,19695.59698
Estonia,World,2012,17938.05904
Estonia,World,2011,19097.19734
Estonia,World,2010,19014.85792
Estonia,World,2009,14609.06715
Estonia,World,2008,17872.65045
Estonia,World,2007,20071.6477
Estonia,World,2006,16439.18916
Estonia,World,2005,17136.32146
Estonia,World,2004,17286.59062
Estonia,World,2003,17087.24852
Estonia,World,2002,15233.32173
Estonia,World,2001,15707.86832
Estonia,World,2000,15362.20736
Estonia,World,1999,15727.06882
Estonia,World,1998,16909.58886
Estonia,World,1997,18482.32057
Estonia,World,1996,18925.43033
Estonia,World,1995,18203.99321
Estonia,World,1994,19900.97439
Estonia,World,1993,19066.02757
Estonia,World,1992,24514.59079
Estonia,World,1991,34037.705
Estonia,World,1990,37068.97748
European Union,World,2016,3489056.375
European Union,World,2015,3510585.968
European Union,World,2014,3476890.46
European Union,World,2013,3646209.063
European Union,World,2012,3734122.947
European Union,World,2011,3792826.004
European Union,World,2010,3938605.792
European Union,World,2009,3819221.788
European Union,World,2008,4161610.411
European Union,World,2007,4261957.027
European Union,World,2006,4308334.405
European Union,World,2005,4302542.582
European Union,World,2004,4326718.189
European Union,World,2003,4316776.045
European Union,World,2002,4225178.253
European Union,World,2001,4248810.154
European Union,World,2000,4177013.859
European Union,World,1999,4154061.014
European Union,World,1998,4218562.877
European Union,World,1997,4226570.63
European Union,World,1996,4316238.471
European Union,World,1995,4213005.098
European Union,World,1994,4166249.116
European Union,World,1993,4186595.775
European Union,World,1992,4270930.268
European Union,World,1991,4415598.431
European Union,World,1990,4472075.918
Finland,World,2016,47926.37865
Finland,World,2015,44346.08046
Finland,World,2014,47799.65347
Finland,World,2013,51901.56929
Finland,World,2012,51111.89038
Finland,World,2011,56544.14187
Finland,World,2010,63991.75314
Finland,World,2009,55818.22693
Finland,World,2008,58608.81558
Finland,World,2007,66755.66284
Finland,World,2006,68379.8182
Finland,World,2005,57045.01554
Finland,World,2004,68961.59552
Finland,World,2003,72658.36977
Finland,World,2002,65061.8198
Finland,World,2001,62539.27413
Finland,World,2000,57041.53195
Finland,World,1999,58898.26166
Finland,World,1998,59375.06498
Finland,World,1997,62718.2711
Finland,World,1996,64058.35001
Finland,World,1995,58141.56
Finland,World,1994,61711.56831
Finland,World,1993,56348.52402
Finland,World,1992,54280.47465
Finland,World,1991,55225.26732
Finland,World,1990,56966.98668
France,World,2016,346790.2082
France,World,2015,344389.9492
France,World,2014,339786.0948
France,World,2013,369874.4419
France,World,2012,369432.5181
France,World,2011,368133.7381
France,World,2010,393476.3802
France,World,2009,382118.9353
France,World,2008,402212.0691
France,World,2007,408366.9002
France,World,2006,417760.381
France,World,2005,428231.848
France,World,2004,424703.6848
France,World,2003,423956.5342
France,World,2002,417286.217
France,World,2001,421893.6076
France,World,2000,416961.4725
France,World,1999,422304.3498
France,World,1998,426117.8607
France,World,1997,406548.4451
France,World,1996,413560.3538
France,World,1995,398143.7316
France,World,1994,390903.4895
France,World,1993,396295.8227
France,World,1992,415863.1752
France,World,1991,426460.4465
France,World,1990,400836.759
Germany,World,2016,801753.0077
Germany,World,2015,797078.1652
Germany,World,2014,793635.8434
Germany,World,2013,832642.9955
Germany,World,2012,815197.4085
Germany,World,2011,810802.3253
Germany,World,2010,833684.918
Germany,World,2009,789963.5216
Germany,World,2008,854420.9624
Germany,World,2007,852096.1622
Germany,World,2006,878747.1314
Germany,World,2005,867223.5059
Germany,World,2004,887996.5092
Germany,World,2003,901969.8646
Germany,World,2002,900955.0991
Germany,World,2001,917476.8284
Germany,World,2000,900960.0912
Germany,World,1999,896882.6834
Germany,World,1998,924404.5299
Germany,World,1997,932347.3589
Germany,World,1996,960174.2995
Germany,World,1995,940086.7459
Germany,World,1994,940407.9894
Germany,World,1993,956994.1798
Germany,World,1992,966705.8287
Germany,World,1991,1014972.286
Germany,World,1990,1052997.501
Greece,World,2016,71373.08131
Greece,World,2015,74962.45162
Greece,World,2014,78655.8163
Greece,World,2013,81722.57966
Greece,World,2012,91417.80113
Greece,World,2011,94531.70327
Greece,World,2010,97342.9758
Greece,World,2009,104340.534
Greece,World,2008,111112.5282
Greece,World,2007,114582.6328
Greece,World,2006,112464.9098
Greece,World,2005,113925.1121
Greece,World,2004,109530.021
Greece,World,2003,109083.182
Greece,World,2002,105011.3977
Greece,World,2001,105368.9723
Greece,World,2000,102982.2978
Greece,World,1999,97941.65036
Greece,World,1998,98624.77125
Greece,World,1997,93804.20426
Greece,World,1996,89098.55149
Greece,World,1995,86945.64144
Greece,World,1994,86391.99245
Greece,World,1993,84229.45379
Greece,World,1992,84915.79812
Greece,World,1991,83350.93629
Greece,World,1990,83375.36377
Hungary,World,2016,47578.18295
Hungary,World,2015,46665.20605
Hungary,World,2014,43915.39591
Hungary,World,2013,43767.69967
Hungary,World,2012,46808.49495
Hungary,World,2011,50358.00109
Hungary,World,2010,52120.53686
Hungary,World,2009,51781.0505
Hungary,World,2008,57438.1672
Hungary,World,2007,58522.30845
Hungary,World,2006,59839.43129
Hungary,World,2005,60499.96451
Hungary,World,2004,60406.24113
Hungary,World,2003,61936.78298
Hungary,World,2002,59162.84439
Hungary,World,2001,60171.65883
Hungary,World,2000,58551.66059
Hungary,World,1999,61828.20367
Hungary,World,1998,61348.28998
Hungary,World,1997,61755.8999
Hungary,World,1996,63176.98312
Hungary,World,1995,61612.87649
Hungary,World,1994,61882.72741
Hungary,World,1993,63539.70292
Hungary,World,1992,62408.84503
Hungary,World,1991,69777.27155
Hungary,World,1990,73455.45918
Iceland,World,2016,3489.970162
Iceland,World,2015,3536.410992
Iceland,World,2014,3461.846016
Iceland,World,2013,3481.778918
Iceland,World,2012,3488.684342
Iceland,World,2011,3486.411565
Iceland,World,2010,3620.932201
Iceland,World,2009,3731.086458
Iceland,World,2008,3794.953856
Iceland,World,2007,3493.947412
Iceland,World,2006,3147.037634
Iceland,World,2005,2968.902331
Iceland,World,2004,3101.236495
Iceland,World,2003,2979.689741
Iceland,World,2002,2987.896526
Iceland,World,2001,2862.684169
Iceland,World,2000,2933.985783
Iceland,World,1999,2841.27475
Iceland,World,1998,2635.451444
Iceland,World,1997,2615.624633
Iceland,World,1996,2520.135121
Iceland,World,1995,2465.118746
Iceland,World,1994,2361.911908
Iceland,World,1993,2421.018487
Iceland,World,1992,2263.019393
Iceland,World,1991,2117.702283
Iceland,World,1990,2237.419556
Ireland,World,2016,39928.11806
Ireland,World,2015,38443.64901
Ireland,World,2014,36681.62484
Ireland,World,2013,37182.8474
Ireland,World,2012,38194.75369
Ireland,World,2011,38009.30368
Ireland,World,2010,41679.5175
Ireland,World,2009,42108.50715
Ireland,World,2008,47300.10544
Ireland,World,2007,47622.94616
Ireland,World,2006,47550.19452
Ireland,World,2005,48104.56661
Ireland,World,2004,46129.74106
Ireland,World,2003,45639.12335
Ireland,World,2002,46034.58594
Ireland,World,2001,47557.35423
Ireland,World,2000,45193.9526
Ireland,World,1999,42377.78115
Ireland,World,1998,40650.1024
Ireland,World,1997,38752.35722
Ireland,World,1996,37410.9597
Ireland,World,1995,35794.37876
Ireland,World,1994,34772.19186
Ireland,World,1993,33649.18497
Ireland,World,1992,33417.98265
Ireland,World,1991,33606.74597
Ireland,World,1990,32877.9357
Italy,World,2016,350323.0149
Italy,World,2015,355483.2139
Italy,World,2014,348476.2401
Italy,World,2013,363399.9021
Italy,World,2012,391990.3644
Italy,World,2011,413431.5055
Italy,World,2010,424873.1612
Italy,World,2009,415932.3933
Italy,World,2008,468062.0599
Italy,World,2007,480491.5857
Italy,World,2006,489749.9694
Italy,World,2005,495234.0149
Italy,World,2004,495527.786
Italy,World,2003,491480.7239
Italy,World,2002,477709.3385
Italy,World,2001,476201.8691
Italy,World,2000,470767.7469
Italy,World,1999,464601.4529
Italy,World,1998,460240.3276
Italy,World,1997,449465.6207
Italy,World,1996,444561.5738
Italy,World,1995,451978.9066
Italy,World,1994,425490.6353
Italy,World,1993,431600.9735
Italy,World,1992,439210.4142
Italy,World,1991,440094.4224
Italy,World,1990,439944.1016
Japan,World,2016,1204318.623
Japan,World,2015,1223666.475
Japan,World,2014,1264173.252
Japan,World,2013,1314069.572
Japan,World,2012,1302082.927
Japan,World,2011,1261398.59
Japan,World,2010,1211572.868
Japan,World,2009,1160203.633
Japan,World,2008,1229245.45
Japan,World,2007,1300051.973
Japan,World,2006,1262639.452
Japan,World,2005,1286856.314
Japan,World,2004,1280036.122
Japan,World,2003,1285385.412
Japan,World,2002,1277236.546
Japan,World,2001,1248087.424
Japan,World,2000,1262734.462
Japan,World,1999,1239840.12
Japan,World,1998,1203710.533
Japan,World,1997,1243367.132
Japan,World,1996,1249875.688
Japan,World,1995,1237852.824
Japan,World,1994,1225173.421
Japan,World,1993,1170196.733
Japan,World,1992,1176942.57
Japan,World,1991,1167040.517
Japan,World,1990,1155263.415
Latvia,World,2016,7263.617944
Latvia,World,2015,7333.661395
Latvia,World,2014,7238.753425
Latvia,World,2013,7423.59275
Latvia,World,2012,7583.855019
Latvia,World,2011,7882.679592
Latvia,World,2010,8646.955879
Latvia,World,2009,7480.704552
Latvia,World,2008,8218.723542
Latvia,World,2007,8655.065492
Latvia,World,2006,8333.306343
Latvia,World,2005,7835.154952
Latvia,World,2004,7750.956316
Latvia,World,2003,7740.669657
Latvia,World,2002,7542.934267
Latvia,World,2001,7516.325908
Latvia,World,2000,7099.045685
Latvia,World,1999,7737.970814
Latvia,World,1998,8328.91144
Latvia,World,1997,8706.818521
Latvia,World,1996,9243.541573
Latvia,World,1995,9167.583929
Latvia,World,1994,10420.26402
Latvia,World,1993,11987.76182
Latvia,World,1992,14267.23724
Latvia,World,1991,18038.63366
Latvia,World,1990,19805.89432
Liechtenstein,World,2016,148.3620314
Liechtenstein,World,2015,158.8850206
Liechtenstein,World,2014,161.1017809
Liechtenstein,World,2013,192.5398645
Liechtenstein,World,2012,185.3179567
Liechtenstein,World,2011,176.7797683
Liechtenstein,World,2010,190.8056848
Liechtenstein,World,2009,205.3523975
Liechtenstein,World,2008,219.5035454
Liechtenstein,World,2007,200.7643885
Liechtenstein,World,2006,231.0967219
Liechtenstein,World,2005,228.9690721
Liechtenstein,World,2004,229.3814121
Liechtenstein,World,2003,229.3475364
Liechtenstein,World,2002,220.0138303
Liechtenstein,World,2001,214.6663319
Liechtenstein,World,2000,216.8561098
Liechtenstein,World,1999,226.561953
Liechtenstein,World,1998,229.2345544
Liechtenstein,World,1997,218.3668097
Liechtenstein,World,1996,205.9566142
Liechtenstein,World,1995,204.2018778
Liechtenstein,World,1994,201.1102624
Liechtenstein,World,1993,215.0335521
Liechtenstein,World,1992,206.9494554
Liechtenstein,World,1991,206.3276139
Liechtenstein,World,1990,198.9691627
Lithuania,World,2016,13157.45712
Lithuania,World,2015,13141.59153
Lithuania,World,2014,12874.66805
Lithuania,World,2013,13106.30908
Lithuania,World,2012,14133.74957
Lithuania,World,2011,14066.63852
Lithuania,World,2010,13712.63172
Lithuania,World,2009,12828.00495
Lithuania,World,2008,15079.84547
Lithuania,World,2007,15763.26916
Lithuania,World,2006,14402.95744
Lithuania,World,2005,14089.32404
Lithuania,World,2004,13167.3247
Lithuania,World,2003,12591.87979
Lithuania,World,2002,12602.3718
Lithuania,World,2001,12496.12626
Lithuania,World,2000,11788.02443
Lithuania,World,1999,13407.51849
Lithuania,World,1998,15888.04021
Lithuania,World,1997,15070.19551
Lithuania,World,1996,15658.81988
Lithuania,World,1995,15004.14733
Lithuania,World,1994,15748.21861
Lithuania,World,1993,16332.14132
Lithuania,World,1992,21187.06198
Lithuania,World,1991,37883.2834
Lithuania,World,1990,35787.20601
Luxembourg,World,2016,9002.955521
Luxembourg,World,2015,9259.658859
Luxembourg,World,2014,9757.50633
Luxembourg,World,2013,10233.33848
Luxembourg,World,2012,10788.08133
Luxembourg,World,2011,11050.36981
Luxembourg,World,2010,11154.28932
Luxembourg,World,2009,10588.45258
Luxembourg,World,2008,11132.25984
Luxembourg,World,2007,11268.83453
Luxembourg,World,2006,11879.25702
Luxembourg,World,2005,12048.39633
Luxembourg,World,2004,11785.23156
Luxembourg,World,2003,10411.6335
Luxembourg,World,2002,9942.247963
Luxembourg,World,2001,9166.124337
Luxembourg,World,2000,8672.869958
Luxembourg,World,1999,8090.458545
Luxembourg,World,1998,7639.373005
Luxembourg,World,1997,8518.76177
Luxembourg,World,1996,9165.479977
Luxembourg,World,1995,9118.080142
Luxembourg,World,1994,11508.95002
Luxembourg,World,1993,12320.62927
Luxembourg,World,1992,12180.19444
Luxembourg,World,1991,12424.02728
Luxembourg,World,1990,11812.04131
Malta,World,2016,1420.277182
Malta,World,2015,1757.754321
Malta,World,2014,2462.996024
Malta,World,2013,2473.933381
Malta,World,2012,2810.520055
Malta,World,2011,2655.268896
Malta,World,2010,2590.217308
Malta,World,2009,2584.319094
Malta,World,2008,2823.743801
Malta,World,2007,2756.045384
Malta,World,2006,2679.442626
Malta,World,2005,2666.019462
Malta,World,2004,2557.276529
Malta,World,2003,2662.357633
Malta,World,2002,2443.918726
Malta,World,2001,2468.113666
Malta,World,2000,2570.868547
Malta,World,1999,2570.286614
Malta,World,1998,2516.050615
Malta,World,1997,2515.047436
Malta,World,1996,2469.968163
Malta,World,1995,2498.301339
Malta,World,1994,2502.530263
Malta,World,1993,2333.913048
Malta,World,1992,2319.452752
Malta,World,1991,2110.575339
Malta,World,1990,1943.321139
Monaco,World,2016,66.95821454
Monaco,World,2015,69.63744156
Monaco,World,2014,69.19822511
Monaco,World,2013,75.16486985
Monaco,World,2012,75.57663537
Monaco,World,2011,72.24830781
Monaco,World,2010,75.19052721
Monaco,World,2009,77.22345773
Monaco,World,2008,80.98789698
Monaco,World,2007,83.072361
Monaco,World,2006,82.44756191
Monaco,World,2005,88.92432045
Monaco,World,2004,90.51008327
Monaco,World,2003,95.59745927
Monaco,World,2002,98.41774869
Monaco,World,2001,98.80873597
Monaco,World,2000,98.55423934
Monaco,World,1999,100.8954652
Monaco,World,1998,100.0653395
Monaco,World,1997,101.3278442
Monaco,World,1996,102.5821856
Monaco,World,1995,99.23719126
Monaco,World,1994,102.1171016
Monaco,World,1993,101.1227334
Monaco,World,1992,101.9758882
Monaco,World,1991,96.32996022
Monaco,World,1990,95.5245999
Netherlands,World,2016,165522.0693
Netherlands,World,2015,165029.8766
Netherlands,World,2014,157347.0615
Netherlands,World,2013,164757.2767
Netherlands,World,2012,164948.7435
Netherlands,World,2011,169118.6999
Netherlands,World,2010,182179.6356
Netherlands,World,2009,170180.4123
Netherlands,World,2008,175519.2197
Netherlands,World,2007,172600.4605
Netherlands,World,2006,172736.7023
Netherlands,World,2005,177530.8815
Netherlands,World,2004,181453.3159
Netherlands,World,2003,179824.1987
Netherlands,World,2002,176374.8984
Netherlands,World,2001,177079.4346
Netherlands,World,2000,171935.8012
Netherlands,World,1999,170991.277
Netherlands,World,1998,176402.161
Netherlands,World,1997,175292.3822
Netherlands,World,1996,182473.1975
Netherlands,World,1995,173032.7068
Netherlands,World,1994,171398.3994
Netherlands,World,1993,170796.2254
Netherlands,World,1992,170654.887
Netherlands,World,1991,170819.8254
Netherlands,World,1990,162440.8362
New Zealand,World,2016,34462.93116
New Zealand,World,2015,35837.10797
New Zealand,World,2014,35610.40394
New Zealand,World,2013,35214.46508
New Zealand,World,2012,35969.26278
New Zealand,World,2011,34328.81619
New Zealand,World,2010,35010.69868
New Zealand,World,2009,34806.69932
New Zealand,World,2008,37655.73094
New Zealand,World,2007,36642.04621
New Zealand,World,2006,37520.0807
New Zealand,World,2005,37647.57363
New Zealand,World,2004,36064.91799
New Zealand,World,2003,36493.09167
New Zealand,World,2002,34768.71805
New Zealand,World,2001,34582.66769
New Zealand,World,2000,32359.15805
New Zealand,World,1999,31528.56654
New Zealand,World,1998,29934.433
New Zealand,World,1997,31356.08921
New Zealand,World,1996,29375.2284
New Zealand,World,1995,28153.43553
New Zealand,World,1994,27888.75731
New Zealand,World,1993,27706.96909
New Zealand,World,1992,28112.56812
New Zealand,World,1991,26118.07209
New Zealand,World,1990,25453.56953
Norway,World,2016,44031.62268
Norway,World,2015,44663.73454
Norway,World,2014,43952.66334
Norway,World,2013,44302.65391
Norway,World,2012,44560.81966
Norway,World,2011,44982.55687
Norway,World,2010,45823.27724
Norway,World,2009,43205.40359
Norway,World,2008,44903.0221
Norway,World,2007,45851.8906
Norway,World,2006,43923.34759
Norway,World,2005,43560.70806
Norway,World,2004,44337.01057
Norway,World,2003,43921.7822
Norway,World,2002,42667.04764
Norway,World,2001,43559.84315
Norway,World,2000,42215.88496
Norway,World,1999,42709.48872
Norway,World,1998,41956.66325
Norway,World,1997,41698.9096
Norway,World,1996,41593.8338
Norway,World,1995,38477.22008
Norway,World,1994,38445.95749
Norway,World,1993,36531.56252
Norway,World,1992,34831.89259
Norway,World,1991,34069.33414
Norway,World,1990,35704.38809
Poland,World,2016,321182.01
Poland,World,2015,310526.3176
Poland,World,2014,307044.6922
Poland,World,2013,319608.0694
Poland,World,2012,323823.3542
Poland,World,2011,331268.3003
Poland,World,2010,331709.9811
Poland,World,2009,313756.9197
Poland,World,2008,327059.2708
Poland,World,2007,333894.2726
Poland,World,2006,334048.0464
Poland,World,2005,321099.1643
Poland,World,2004,322154.8394
Poland,World,2003,318099.4591
Poland,World,2002,305435.7744
Poland,World,2001,313263.0253
Poland,World,2000,316828.0925
Poland,World,1999,327261.0695
Poland,World,1998,337020.86
Poland,World,1997,366226.8013
Poland,World,1996,375017.5922
Poland,World,1995,361072.0341
Poland,World,1994,359386.833
Poland,World,1993,363953.8635
Poland,World,1992,363516.2733
Poland,World,1991,373165.6889
Poland,World,1990,375810.9518
Portugal,World,2016,50285.47157
Portugal,World,2015,52205.22159
Portugal,World,2014,47962.89187
Portugal,World,2013,48088.83788
Portugal,World,2012,49887.64683
Portugal,World,2011,51713.88104
Portugal,World,2010,52897.56985
Portugal,World,2009,57096.36774
Portugal,World,2008,59941.73563
Portugal,World,2007,62288.00742
Portugal,World,2006,64791.17694
Portugal,World,2005,69521.32797
Portugal,World,2004,67245.8799
Portugal,World,2003,64459.74876
Portugal,World,2002,69580.53005
Portugal,World,2001,65729.39141
Portugal,World,2000,66059.944
Portugal,World,1999,67243.24258
Portugal,World,1998,59621.27431
Portugal,World,1997,55126.82464
Portugal,World,1996,52109.36988
Portugal,World,1995,54804.46281
Portugal,World,1994,50831.5852
Portugal,World,1993,50079.87445
Portugal,World,1992,51466.24297
Portugal,World,1991,47210.72424
Portugal,World,1990,45585.55985
Romania,World,2016,75051.65747
Romania,World,2015,77788.22045
Romania,World,2014,77160.48722
Romania,World,2013,76829.19818
Romania,World,2012,86320.92539
Romania,World,2011,89343.21771
Romania,World,2010,83551.25813
Romania,World,2009,87205.42253
Romania,World,2008,105365.3976
Romania,World,2007,108559.6929
Romania,World,2006,104130.5598
Romania,World,2005,100966.6171
Romania,World,2004,102874.4301
Romania,World,2003,103576.693
Romania,World,2002,99151.87822
Romania,World,2001,98877.06345
Romania,World,2000,93538.38176
Romania,World,1999,88682.29825
Romania,World,1998,104755.6591
Romania,World,1997,119265.8917
Romania,World,1996,128277.6316
Romania,World,1995,124836.9308
Romania,World,1994,119670.7474
Romania,World,1993,121627.1896
Romania,World,1992,130286.0474
Romania,World,1991,140966.7585
Romania,World,1990,171231.7883
Russian Federation,World,2016,1668069.933
Russian Federation,World,2015,1671895.079
Russian Federation,World,2014,1667110.706
Russian Federation,World,2013,1665988.574
Russian Federation,World,2012,1726099.5
Russian Federation,World,2011,1712424.769
Russian Federation,World,2010,1657560.679
Russian Federation,World,2009,1572439.009
Russian Federation,World,2008,1679794.45
Russian Federation,World,2007,1647728.94
Russian Federation,World,2006,1648658.734
Russian Federation,World,2005,1588662.864
Russian Federation,World,2004,1570864.198
Russian Federation,World,2003,1562472.351
Russian Federation,World,2002,1528961.747
Russian Federation,World,2001,1538244.4
Russian Federation,World,2000,1499616.209
Russian Federation,World,1999,1512984.706
Russian Federation,World,1998,1484852.223
Russian Federation,World,1997,1502137.425
Russian Federation,World,1996,1606949.015
Russian Federation,World,1995,1640263.218
Russian Federation,World,1994,1669637.144
Russian Federation,World,1993,1890935.002
Russian Federation,World,1992,1993217.628
Russian Federation,World,1991,2437038.082
Russian Federation,World,1990,2571210.651
Slovakia,World,2016,33996.77237
Slovakia,World,2015,33897.47735
Slovakia,World,2014,33564.67097
Slovakia,World,2013,35633.93453
Slovakia,World,2012,36109.05313
Slovakia,World,2011,37932.84518
Slovakia,World,2010,38626.51873
Slovakia,World,2009,37639.42569
Slovakia,World,2008,41484.59049
Slovakia,World,2007,40949.06873
Slovakia,World,2006,42603.71901
Slovakia,World,2005,42907.48733
Slovakia,World,2004,42991.16376
Slovakia,World,2003,42426.77516
Slovakia,World,2002,42036.5826
Slovakia,World,2001,43836.55863
Slovakia,World,2000,41533.15332
Slovakia,World,1999,43340.78207
Slovakia,World,1998,44175.15148
Slovakia,World,1997,45204.31228
Slovakia,World,1996,45165.53499
Slovakia,World,1995,44866.51653
Slovakia,World,1994,43827.8734
Slovakia,World,1993,46658.9721
Slovakia,World,1992,49155.95067
Slovakia,World,1991,53617.06955
Slovakia,World,1990,61995.72689
Slovenia,World,2016,14399.78923
Slovenia,World,2015,13599.14203
Slovenia,World,2014,13512.57597
Slovenia,World,2013,15167.07694
Slovenia,World,2012,15800.75506
Slovenia,World,2011,16340.5724
Slovenia,World,2010,16352.62737
Slovenia,World,2009,16310.0101
Slovenia,World,2008,18197.39132
Slovenia,World,2007,17259.96028
Slovenia,World,2006,17124.00601
Slovenia,World,2005,16928.80656
Slovenia,World,2004,16630.66355
Slovenia,World,2003,16270.13459
Slovenia,World,2002,16508.204
Slovenia,World,2001,16363.29702
Slovenia,World,2000,15430.0936
Slovenia,World,1999,15323.4421
Slovenia,World,1998,15948.22364
Slovenia,World,1997,16232.99589
Slovenia,World,1996,15905.82013
Slovenia,World,1995,15244.45358
Slovenia,World,1994,14633.78117
Slovenia,World,1993,14292.67005
Slovenia,World,1992,13996.01139
Slovenia,World,1991,13995.03423
Slovenia,World,1990,15074.42975
Spain,World,2016,260985.896
Spain,World,2015,271727.1995
Spain,World,2014,255195.739
Spain,World,2013,252682.7107
Spain,World,2012,279271.2837
Spain,World,2011,284594.7493
Spain,World,2010,283877.4897
Spain,World,2009,297248.141
Spain,World,2008,336490.1185
Spain,World,2007,368133.603
Spain,World,2006,360279.2396
Spain,World,2005,368964.1326
Spain,World,2004,354285.6556
Spain,World,2003,337979.2328
Spain,World,2002,334007.1155
Spain,World,2001,313891.9937
Spain,World,2000,311926.0589
Spain,World,1999,300176.561
Spain,World,1998,276635.9708
Spain,World,1997,268058.7218
Spain,World,1996,255447.9959
Spain,World,1995,267832.1869
Spain,World,1994,254234.0482
Spain,World,1993,241817.8258
Spain,World,1992,250326.9244
Spain,World,1991,241464.9966
Spain,World,1990,231895.0484
Sweden,World,2016,42568.01792
Sweden,World,2015,43385.55699
Sweden,World,2014,43225.7057
Sweden,World,2013,44768.9972
Sweden,World,2012,46403.56628
Sweden,World,2011,48969.95641
Sweden,World,2010,52927.27475
Sweden,World,2009,47153.23882
Sweden,World,2008,50723.09564
Sweden,World,2007,52816.47768
Sweden,World,2006,53672.7505
Sweden,World,2005,53843.31057
Sweden,World,2004,56443.34056
Sweden,World,2003,57224.35361
Sweden,World,2002,56641.31284
Sweden,World,2001,55682.29071
Sweden,World,2000,54724.9805
Sweden,World,1999,55856.97406
Sweden,World,1998,58717.07501
Sweden,World,1997,58132.71066
Sweden,World,1996,63194.02288
Sweden,World,1995,59276.12628
Sweden,World,1994,59845.49234
Sweden,World,1993,57395.71404
Sweden,World,1992,57447.0917
Sweden,World,1991,57713.49344
Sweden,World,1990,57506.34282
Switzerland,World,2016,39204.91387
Switzerland,World,2015,38738.54713
Switzerland,World,2014,39237.75066
Switzerland,World,2013,43183.90983
Switzerland,World,2012,42250.90062
Switzerland,World,2011,40979.68924
Switzerland,World,2010,45045.1026
Switzerland,World,2009,43528.06764
Switzerland,World,2008,44706.68782
Switzerland,World,2007,43359.8275
Switzerland,World,2006,45365.62828
Switzerland,World,2005,45779.83777
Switzerland,World,2004,45228.28421
Switzerland,World,2003,44644.10119
Switzerland,World,2002,43458.52707
Switzerland,World,2001,45075.79717
Switzerland,World,2000,43611.91732
Switzerland,World,1999,44441.7095
Switzerland,World,1998,44612.34711
Switzerland,World,1997,43035.01567
Switzerland,World,1996,44098.46542
Switzerland,World,1995,43414.06079
Switzerland,World,1994,42678.5696
Switzerland,World,1993,43604.67931
Switzerland,World,1992,46015.49276
Switzerland,World,1991,46140.16372
Switzerland,World,1990,44161.93966
Turkey,World,2016,402820.7838
Turkey,World,2015,380858.0964
Turkey,World,2014,357559.9609
Turkey,World,2013,346780.965
Turkey,World,2012,354134.7647
Turkey,World,2011,344745.4951
Turkey,World,2010,319528.3998
Turkey,World,2009,316771.0319
Turkey,World,2008,310396.6957
Turkey,World,2007,312862.4982
Turkey,World,2006,281541.7188
Turkey,World,2005,260897.9549
Turkey,World,2004,241909.2208
Turkey,World,2003,232963.0188
Turkey,World,2002,217652.9126
Turkey,World,2001,209529.1449
Turkey,World,2000,226029.8425
Turkey,World,1999,203949.0275
Turkey,World,1998,208042.3034
Turkey,World,1997,208023.0001
Turkey,World,1996,195750.7028
Turkey,World,1995,178310.2527
Turkey,World,1994,163783.1721
Turkey,World,1993,167301.8655
Turkey,World,1992,159065.8473
Turkey,World,1991,153538.0175
Turkey,World,1990,146507.1996
Ukraine,World,2016,235156.0144
Ukraine,World,2015,223579.6981
Ukraine,World,2014,256583.599
Ukraine,World,2013,296074.0612
Ukraine,World,2012,303705.0683
Ukraine,World,2011,307071.1639
Ukraine,World,2010,293518.8108
Ukraine,World,2009,277169.9021
Ukraine,World,2008,325732.7758
Ukraine,World,2007,336601.0966
Ukraine,World,2006,332764.7114
Ukraine,World,2005,313533.6998
Ukraine,World,2004,306255.4288
Ukraine,World,2003,305183.445
Ukraine,World,2002,294199.9783
Ukraine,World,2001,301300.7332
Ukraine,World,2000,279537.8428
Ukraine,World,1999,292311.2814
Ukraine,World,1998,321067.2188
Ukraine,World,1997,340243.7974
Ukraine,World,1996,351409.8673
Ukraine,World,1995,389865.7892
Ukraine,World,1994,419267.6353
Ukraine,World,1993,510201.3729
Ukraine,World,1992,589062.2462
Ukraine,World,1991,632538.7578
Ukraine,World,1990,705832.231
United Kingdom,World,2016,398033.2757
United Kingdom,World,2015,422193.84
United Kingdom,World,2014,438268.6644
United Kingdom,World,2013,477356.4754
United Kingdom,World,2012,487324.8944
United Kingdom,World,2011,469523.4077
United Kingdom,World,2010,511979.3819
United Kingdom,World,2009,494356.3577
United Kingdom,World,2008,544656.279
United Kingdom,World,2007,559237.9394
United Kingdom,World,2006,567556.9783
United Kingdom,World,2005,569874.27
United Kingdom,World,2004,573082.7514
United Kingdom,World,2003,571461.4212
United Kingdom,World,2002,559902.4785
United Kingdom,World,2001,575793.8962
United Kingdom,World,2000,566932.5336
United Kingdom,World,1999,560412.8278
United Kingdom,World,1998,567403.3816
United Kingdom,World,1997,562412.2228
United Kingdom,World,1996,588472.6316
United Kingdom,World,1995,566843.9525
United Kingdom,World,1994,575638.947
United Kingdom,World,1993,579459.127
United Kingdom,World,1992,593571.24
United Kingdom,World,1991,609198.0252
United Kingdom,World,1990,601342.996
United States of America,World,2016,5310861.406
United States of America,World,2015,5420804.127
United States of America,World,2014,5568759.258
United States of America,World,2013,5519612.557
United States of America,World,2012,5366730.281
United States of America,World,2011,5570706.56
United States of America,World,2010,5701075.807
United States of America,World,2009,5495394.958
United States of America,World,2008,5932775.281
United States of America,World,2007,6130983.563
United States of America,World,2006,6052236.286
United States of America,World,2005,6132005.704
United States of America,World,2004,6106620.735
United States of America,World,2003,5991319.569
United States of America,World,2002,5943651.279
United States of America,World,2001,5902454.993
United States of America,World,2000,6000606.067
United States of America,World,1999,5832250.178
United States of America,World,1998,5752324.19
United States of America,World,1997,5703890.708
United States of America,World,1996,5626186.717
United States of America,World,1995,5439213.314
United States of America,World,1994,5377987.137
United States of America,World,1993,5284687.882
United States of America,World,1992,5174059.076
United States of America,World,1991,5070839.4
United States of America,World,1990,5121264.461
